Family,Species,Lat,Long,Record,Body Length Total,Ceph Length,Ceph Width,Abdom Length,Abdom Width,Leg I Fe,Leg I Pa,Leg I Ti,Leg I Mt,Leg I Ta,Leg II Fe,Leg II Pa,Leg II Ti,Leg II Mt,Leg II Ta,Leg III Fe,Leg III Pa,Leg III Ti,Leg III Mt,Leg III Ta,Leg IV Fe,Leg IV Pa,Leg IV Ti,Leg IV Mt,Leg IV Ta
Araneidae,Poltys noblei,-36.25,150,KS55686,6.15,2.2,2.25,3.9,3.2,3.3,1.2,2.25,2,1,2.75,1.1,1.75,1.5,0.75,2.3,1.2,1.5,0.75,0.5,2.5,1.25,2,1.5,0.5
Araneidae,Poltys noblei,-35.5,150,KS56884,7.6,2.7,1.75,4.9,2.25,2.75,1.25,2.25,1.9,1.05,3.25,1.25,2.5,2.05,1,2.75,0.95,1.65,1,0.55,2,1.15,2,1.3,0.4
Araneidae,Poltys noblei,-33.75,151,KS91116,8.2,3.05,2.3,5.15,2.75,3.5,1.75,2.25,2.35,1.35,4.25,1.55,3.1,2.5,1.25,2.4,NA,NA,NA,NA,3.95,0.95,2,1.7,0.8
Araneidae,Poltys noblei,-36,149,KS56887,9.5,3,2.4,6.5,3.25,3.9,1.25,2.6,1,0.75,3.45,1.25,2.45,1,8.3,2,1,1.5,1,0.55,2.25,1,2.2,1.25,0.5
Araneidae,Poltys noblei,-34.75,150.75,KS55750,9.95,3.3,2.75,6.65,2.5,4.8,1.75,4,1.75,1,3.75,1.6,3.75,2.25,1,3.25,1,1.75,1.35,0.75,4,1,2.25,1.35,0.9
Araneidae,Poltys noblei,-33.75,151.25,KS90956,13.2,3.95,3.1,9.25,4.65,4.45,1.75,3.5,2.75,1.5,NA,NA,NA,NA,NA,3.2,1.25,1.9,1.5,0.8,3.6,1.25,2.25,1.75,0.6
Araneidae,Poltys noblei,-37,149,KS55681,8.35,3.25,2.25,5.1,3.2,2.6,1,2.5,2.05,1.25,3,1,1.75,2.1,0.95,1.8,1.05,1.4,0.9,0.45,3.85,1.1,2,1.5,0.75
Araneidae,Poltys noblei,-31.5,152.75,KS10163,12.05,3,2,9,2.5,3.35,1.1,2.5,1.25,0.85,3.15,1.35,2.75,1,1,2.35,0.75,1.55,1.2,0.55,3.55,1.15,1.9,1.2,0.75
Araneidae,Poltys noblei,-33.75,151,KS33850,7.6,2.75,2,4.85,2.05,3.4,1.5,3,2.25,1.15,3.5,1.3,2.65,2,1,2.2,1,1.75,0.75,0.45,3.25,1.05,1.75,1.2,0.5
Araneidae,Poltys noblei,-33.5,151,KS52217,12.8,4,2,8.8,5,5.2,2.05,4.25,2.95,1.4,4.55,2.15,4.25,3,1.45,4,1.5,2.25,1,0.5,4.6,1.3,3.15,1.75,0.9
Araneidae,Poltys noblei,-33.5,151.25,KS33971,8.5,3.25,3.2,5.25,3.7,4.7,1.75,4.15,3,1.55,3.6,2,3.75,2.8,1.35,3,1.6,2,0.95,0.75,3,1.45,1.6,1.25,0.65
Araneidae,Poltys noblei,-33.75,151,KS34809,14.7,3,2,11.7,4,5.25,2,4.75,3,1.65,5.05,2.25,4.45,2.4,2.2,2.3,1.05,1.9,1.8,0.85,4,1.5,2.6,2.25,1.05
Araneidae,Poltys noblei,-30.75,152.5,KS70370,7.4,3.1,2.7,4.3,2.25,3.25,1.35,3.45,2.4,1.55,3.7,1.55,3.25,2.25,1.2,2.85,1.25,1.45,1.1,0.75,2.75,1.25,2.25,1.75,0.9
Araneidae,Poltys noblei,-30.75,152,KS124424,7.6,3.05,2.6,4.55,3.6,3.75,1.3,3.5,2.25,0.95,3.45,1.5,3.05,2,1,2.95,1.05,1.5,2,1.25,3.5,1.1,2.5,3,0.75
Araneidae,Poltys noblei,-33.5,151,KS91118,7.4,2.85,2.25,4.55,2,3.7,1.5,3,2,1,3.25,0.75,1.5,1.8,0.75,2.3,1,1.3,1.05,0.7,2.85,NA,NA,NA,NA
Lycosidae,Venonia micarioides,-31,150,KS82841,4.625,2.25,1.375,2.375,1.6,1.5,0.5,0.95,1.25,1,1.375,0.625,1.075,1,0.85,1.425,0.375,1,1.3,0.9,1.875,0.7,1.75,2,1
Lycosidae,Venonia micarioides,-30,150,KS82835,4.025,1.9,1.325,2.125,1.25,1.625,0.5,0.675,1.2,0.95,1.225,0.475,1,0.875,0.5,1.25,0.45,4.025,1.075,0.7,1.875,0.625,1.45,1.8,0.7
Lycosidae,Venonia micarioides,-31,150,KS82830,4,2,1.375,2,1,1.75,0.625,1.2,1.15,0.875,1.625,0.625,0.95,1.1,0.75,1.5,0.6,0.775,1.25,0.75,1.65,0.525,1.75,2.125,1
Lycosidae,Venonia micarioides,-37,144,KS128045,4.75,2.5,1.5,2.25,1.1,1.75,0.625,1.575,1.325,1.125,NA,NA,NA,NA,NA,2,0.5,0.925,1.55,0.75,2.5,0.5,1.625,2.375,0.95
Lycosidae,Venonia micarioides,-28.75,149,KS76617,3.65,1.65,1.25,2,1.35,1.425,0.375,1.125,1.15,0.975,1.25,0.375,0.875,1,0.75,1.25,0.325,0.85,1.075,0.625,1.975,0.5,1.375,1.95,0.925
Lycosidae,Venonia micarioides,-31.75,148,KS76623,4.475,1.925,1.125,2.55,1.65,1.625,0.55,1.25,0.775,0.625,1.3,0.4,1.025,1.175,0.725,1.55,0.525,1,1.05,NA,1.75,0.5,1.575,2,1
Lycosidae,Venonia micarioides,-30,148.75,KS80386,3.85,1.75,1.15,2.1,1.35,1.375,0.375,1,1,0.775,1.15,0.375,0.9,0.75,0.675,1.15,0.375,0.875,1,0.625,1.5,0.375,1.3,1.525,0.525
Lycosidae,Venonia micarioides,-30.5,144.75,KS76644,4.5,2.125,1.25,2.375,1.375,1.5,0.4,1,0.9,0.75,1.375,0.375,0.775,1.25,0.975,0.875,0.375,0.675,0.875,0.8,1.5,0.375,1.35,1.5,0.875
Lycosidae,Venonia micarioides,-29,153,KS88466,3.425,1.85,1.1,1.575,0.875,1.575,0.475,1.125,1.05,0.75,1.375,0.525,0.9,1,0.725,1.3,0.425,0.85,1.125,0.725,1.775,0.5,1.375,1.875,0.975
Lycosidae,Venonia micarioides,-15.25,145,KS66523,4.2,1.825,1.15,2.375,1.5,1.25,0.5,1.25,1.1,0.875,1.15,0.375,0.7,0.975,0.65,1.325,0.3,0.625,1.05,0.6,1.75,0.5,1.5,1.9,0.9
Lycosidae,Venonia micarioides,-28.75,152,KS36996,4,1.625,0.875,2.375,1.325,1.675,0.375,1.275,0.875,0.875,1.5,0.25,0.875,0.625,0.425,1.5,0.375,0.925,1.125,0.75,NA,NA,NA,NA,NA
Lycosidae,Venonia micarioides,-33.75,141,KS71402,4.6,2.1,1.65,2.5,1.375,1.625,0.75,1.5,1,0.5,1.7,0.625,1.325,1.15,0.5,1.85,0.525,1.25,1.275,0.65,NA,NA,NA,NA,NA
Lycosidae,Venonia micarioides,-15.5,145,KS12897,3.175,1.425,0.975,1.75,1.125,1.2,0.3,0.925,0.75,0.675,1.05,0.35,0.7,0.65,0.625,0.95,0.375,0.55,0.825,0.525,1.15,0.475,1.025,1.125,0.475
Lycosidae,Venonia micarioides,-33.5,150.75,KS73322,5.85,2.275,1.5,3.575,2.225,1.65,0.625,1.325,1.375,1,1.625,0.7,0.875,1.25,0.8,1.775,0.55,0.9,1.35,0.8,2.425,0.725,1.675,1.625,1
Lycosidae,Venonia micarioides,-29.5,152.5,KS39732,3.5,2,1,1.5,1.15,NA,NA,NA,NA,NA,1.5,0.375,1.05,0.775,0.5,1.5,0.25,0.875,1,0.675,1.75,0.625,1.75,2,0.75
Lycosidae,Venonia micarioides,-29.75,151.75,KS36936,4.25,2.125,1,2.375,1.5,1.6,0.5,1.25,1.125,0.875,1.375,0.3,0.75,1,0.475,1.5,0.475,1.075,1.25,0.75,2,0.625,1.775,2.125,1.025
Lycosidae,Venonia micarioides,-33.5,151,KS70054,4.125,1.875,0.975,2.25,1.375,1.175,0.5,1.125,1,0.75,0.9,0.475,0.925,0.825,0.65,0.9,0.475,0.875,1,0.675,1.45,0.525,1.475,1.875,0.8
Lycosidae,Venonia micarioides,-32,142,KS76649,4.625,2.125,1.875,2.5,1.55,1.3,0.75,1.5,1.05,0.875,1.725,0.75,1.275,1.125,0.9,1.85,0.75,1.3,1.55,0.9,2.1,0.625,2.125,2.65,1.025
Lycosidae,Venonia micarioides,-28,150,KS76661,4.5,2.125,1.125,2.375,1.55,1.375,0.6,1.275,1.175,1,1.325,0.5,1,1.05,0.75,1.125,0.5,0.925,1.025,0.75,1.75,0.5,1.65,1.775,0.75
Lycosidae,Venonia micarioides,-28,149,KS76662,3.8,2,1.25,1.8,1.125,1.5,0.55,1.175,1.1,0.8,1.425,0.525,0.65,0.925,0.75,1.425,0.475,0.95,1,0.875,1.875,0.5,1.4,1.875,0.9
Araneidae,Eriophora transmarina,-33.75,151.25,KS33504,22,7.5,6,14.5,12.25,6.75,3.5,6.25,5.6,1.8,6.55,3.5,6.5,6.45,2.3,5,2.5,3.5,3,1.95,7.3,3.5,5.55,5.5,2.05
Araneidae,Eriophora transmarina,-35,150,KS22678,15.15,6,5.75,9.15,7.65,NA,NA,NA,NA,NA,5.4,3.05,5.5,5.25,1.95,3.75,2.1,3,2.65,1.45,5.85,3.25,4.75,4.85,1.75
Araneidae,Eriophora transmarina,-33.75,151,KS50167,21.4,7,6.5,14.4,11.5,9.3,5.55,8.1,8,2.9,9.15,5.35,8,8,2.25,5,3.05,4.25,3.7,2,8.4,4.25,6.55,6,1.5
Araneidae,Eriophora transmarina,-33.75,151.25,KS33320,23,8.05,6.65,14.95,14.8,8.25,3.75,6.75,6.8,2.4,7.25,3.95,6.5,5.75,2,3.5,2.5,3.25,2.9,1.55,6.7,3.7,5.75,5.55,1.9
Araneidae,Eriophora transmarina,-33.75,151,KS32667,19.3,6,6.5,13.3,10.4,7.25,4.25,5.75,6.3,2.05,7.45,3.5,6.45,5.85,1.7,4.5,2.3,3.75,3.5,1.65,6.75,3.5,5.3,5.35,1.6
Araneidae,Eriophora transmarina,-15.5,145,KS3920,22.7,9.5,7.25,13.2,12.9,8.6,3.25,7.25,7.25,2.3,7.2,3.75,7,6.75,2.2,4.25,2.8,3.5,2.9,1.35,6.45,4,5.9,5.4,1.5
Araneidae,Eriophora transmarina,-30.75,153,KS3251,22.25,9.2,7,13.05,8.5,9,4.75,8.25,8,2.8,7.7,4.55,7.5,7.8,2.5,5.45,1.75,3,3.05,1.75,8.2,3.45,5.9,7.1,2.25
Araneidae,Eriophora transmarina,-23.5,151.75,KS3292,19.85,7.05,5.7,12.8,12.3,6.8,4,6.75,7.05,2.2,7.5,4,6.75,6.45,1.75,5.7,1.75,3,3.25,1.5,7.5,3.7,5.65,5.15,1.75
Araneidae,Eriophora transmarina,-32.25,152.5,KS65304,19.75,8,7.5,11.75,10.45,8.15,4,7,7.4,2.3,7.7,4.5,6.8,6.25,2.1,5.2,2.75,3.75,2,1.25,6.25,4.2,5.45,5,1.5
Araneidae,Eriophora transmarina,-16.75,145.75,KS3288,25.5,7.9,7.5,17.6,15.95,7.8,3.55,7.05,7.25,2.5,8,4.5,7,7.45,2.3,4.95,2.8,4.05,3.5,1.6,7.5,3.6,5.65,6.75,2.05
Araneidae,Eriophora transmarina,-33.75,151,KS3282,24.7,9.15,7.25,15.55,15.05,8.55,4.2,6.75,7,2,8.3,4,6.55,6.55,2.05,5.5,2.35,3.75,3.5,1.8,6.5,3.85,5.2,4.5,1.25
Araneidae,Eriophora transmarina,-20.25,148.5,KS12843,25.6,7.05,7.75,18.55,17.3,9.85,4.75,8.8,NA,NA,9.2,5.45,8.3,8.35,2.95,6.85,2.75,4.25,4.25,1.9,9.4,3.2,6.75,7.4,2.4
Araneidae,Eriophora transmarina,-34,151,KS8712,20.35,7.7,8.75,12.65,12.2,8.85,4.15,8,8,2.75,8.95,3.5,2.5,6.7,2.15,6.05,2.15,3.65,3.65,1.75,8.3,3.75,6.1,6.85,1.9
Araneidae,Eriophora transmarina,-30.5,152.75,KS7295,20.4,9.5,7.3,10.9,10.25,8.9,3.55,7.2,6.55,1.9,8,4,6.7,5.25,1.5,5.45,2.3,3.6,3.15,1.65,8,3.3,5.5,6.4,1.95
Araneidae,Eriophora transmarina,-34,150.75,KS86663,NA,10.25,7.65,NA,NA,9.75,5,8.05,7.85,2.65,8.5,4.65,6.7,7.25,2,6.25,2.25,3.5,3,1.65,8.5,3.8,6.75,6.65,1.8
Araneidae,Eriophora transmarina,-17.25,145.5,KS42448,23.85,7.3,6.5,16.55,15.15,8.9,4.95,8.25,7.55,2.6,8.75,4.25,7.35,7.8,2.35,5.95,1.85,3.05,3.55,1.7,8,4.35,6.05,5.15,1.4
Araneidae,Eriophora transmarina,-34.5,150.75,KS45506,20.05,7.8,8,12.25,10.5,9.05,4.8,7.6,7,2.3,7.3,4.8,6.85,6,1.95,5,2.75,3.55,2.35,1,7.25,4,5.75,5.55,1.75
Araneidae,Eriophora transmarina,-32,152.5,KS33345,22.4,7.75,6.65,14.65,7.25,8.55,4.5,6.75,6.55,2,6.75,4.45,5.65,4,1.05,4.1,2.5,3.1,2.05,1,6.75,3.75,5.3,4.75,1.35
Araneidae,Eriophora transmarina,-32.25,152.25,KS49777,17.45,6.15,7.15,11.3,11.15,8.05,4,6.65,5.95,2,7.5,4,6.5,5.7,1.85,4.75,2.55,3,2.2,1.2,7.25,3.5,5.25,4.5,1.5
Araneidae,Eriophora transmarina,-16.75,145.75,KS33305,24.2,9.5,8,14.7,12.05,8.25,5.15,7.5,9.95,2.55,9,4.55,7.5,9.25,2.45,8.3,4,5,4.2,1.55,8,4.25,6.8,6.3,1.75
Lycosidae,Tasmanicosa godeffroyi,-28.25,153,KS82532,25.7,12,8.15,13.7,10.3,9.1,4.25,6.8,7.25,3,7.7,3.75,6,6.45,2.15,6.5,2.5,4.8,6.5,4.1,8.75,3.8,7.7,9.55,4.85
Lycosidae,Tasmanicosa godeffroyi,-31.75,152.25,KS13813,20.55,8.75,7.25,11.8,7.8,6.3,3.85,5.35,4.5,3.55,5.75,3.05,4.75,3.7,2.6,5.8,2.7,4.25,5,3.15,7.3,3.45,5.75,3.45,3.85
Lycosidae,Tasmanicosa godeffroyi,-35.25,150.25,KS82595,22.3,11.5,8.05,10.8,6.45,6.6,3.5,7,6.25,3.95,7.05,3.35,5.95,5.6,3.95,5.8,2.3,4.75,6.75,3.7,8,3.1,7.75,9.75,5.05
Lycosidae,Tasmanicosa godeffroyi,-33.75,151,KS82611,20,10.5,7.45,9.5,6.55,7.75,3.55,5.75,5.75,3.35,5.6,2.35,4.5,5.15,3.45,5.3,2.05,3.6,4.5,2.8,7.6,2,6.75,8.25,4.25
Lycosidae,Tasmanicosa godeffroyi,-33.5,148,KS55092,20.85,11,7.75,9.85,7.1,8.05,4.25,6.1,5.65,3.35,7.05,4.3,5.35,5.2,3,5.25,3.05,4.5,5.5,2.6,7.95,3.2,6.3,7.95,3.75
Lycosidae,Tasmanicosa godeffroyi,-34.5,150.5,KS2683,21.6,9.85,7.05,11.75,7.85,6,2.95,5.55,5.35,3.45,5.8,2.25,5,5.4,3.1,5.3,2.1,4.5,5.45,3.2,7.2,3.1,6.85,7.85,3
Lycosidae,Tasmanicosa godeffroyi,-33.5,151.25,KS4341,20.05,10.55,7,9.5,6,6.65,3.5,5.55,5.5,3.55,5.9,3,5.1,4.95,3.3,5.45,2.55,4.3,5,3.15,7.05,3.3,6.5,7.8,4.05
Lycosidae,Tasmanicosa godeffroyi,-31.5,149.25,KS12514,22,11.5,8.05,10.5,7.3,7.5,4.3,6.1,5.45,3.45,7.15,2.75,5,3.15,2.45,6,3.25,4.25,4.1,3.55,8.2,3.5,6.55,8.4,3.5
Lycosidae,Tasmanicosa godeffroyi,-31.25,145.25,KS82571,22.1,10.35,6.95,11.75,7.75,6.8,2.75,5,5.3,3.1,6.55,2.6,4.75,4.6,2.5,5.85,2.75,4,4.55,2.75,6.8,3,6,7.25,4.05
Lycosidae,Tasmanicosa godeffroyi,-30.5,152.75,KS14236,19.5,10.5,7.8,9,5.75,8,3.5,6.45,6,3.65,7.25,3,5.15,5.75,3.25,5.95,2.3,4.3,5.55,2.15,7.75,3,7,9.5,4.25
Lycosidae,Tasmanicosa godeffroyi,-34,148.5,KS114583,21,10,7.65,11,8.75,7.5,3.25,5.5,5.25,3.3,6.9,2.8,5.05,4.55,2.9,5.25,3,4.3,5,3.2,8,3.5,5.5,7.3,4.35
Lycosidae,Tasmanicosa godeffroyi,-33.75,151,KS82546,24.85,10.55,8.1,14.3,10.05,8.25,4.05,5.75,5.6,3.1,7.45,3,5.65,5.25,3.3,6.3,3,4.75,5.5,2.5,9,4,7.3,7.05,1.6
Lycosidae,Tasmanicosa godeffroyi,-36.75,149.25,KS82569,23.4,12.7,9,10.7,7.5,9.05,4.3,6.3,6.25,3.95,7.55,4,5.45,5.3,3.25,7.3,3,4.75,5.5,2.75,9.3,3.75,7.35,8.7,3.75
Lycosidae,Tasmanicosa godeffroyi,-34.75,148.75,KS22219,20.55,11.35,7.75,9.2,7,8.35,3.25,6.5,5.2,3.5,7.5,3,5,4.5,3,6.1,2.9,4.75,5.25,2.5,7.75,3.5,6.75,8.05,4.25
Lycosidae,Tasmanicosa godeffroyi,-29.5,153,KS27981,24.35,11,8.6,13.35,9.05,9,4.05,6.75,6,3.8,7.5,3.8,5.85,5.55,2.75,5.5,2.8,4.8,5,3.25,8.7,3.9,7.5,8.5,2.25
Lycosidae,Tasmanicosa godeffroyi,-32.5,151.5,KS8738,20.85,10.2,6.05,10.65,9.05,7,2.75,4.8,4.75,3.3,6.45,3,4.75,4.5,2.95,5.75,1.75,3.9,4.9,3.05,6,3,5.85,7.25,2.15
Lycosidae,Tasmanicosa godeffroyi,-33,148,KS34730,24.75,10.5,7.8,14.25,7,8,3.2,6.05,5.15,2.2,7.5,3.2,5.4,5.7,3.25,6,2.6,4.75,5.2,3.45,9,3.5,7.05,8.25,4.5
Lycosidae,Tasmanicosa godeffroyi,-34.75,150.75,KS5354,26.2,12.75,9.8,13.45,7.15,9.35,4.25,7,6,3.25,6.8,4,5.8,5.35,3.9,7.8,2,5,6.35,2.5,8.25,2,3.5,9.75,2.75
Lycosidae,Tasmanicosa godeffroyi,-33.75,150.75,KS22113,27.65,12.3,8.6,15.4,10.45,9.25,4.25,7,6.5,3.6,7.05,3.65,5.5,6.5,3.75,6.25,2.6,4.6,6.5,3.75,9.6,3.1,7.5,9.05,4.7
Lycosidae,Tasmanicosa godeffroyi,-29.5,151.5,KS30547,20.8,8.45,6.7,12.35,9.3,6.85,3.7,5.25,4.8,3.3,6.3,3.3,4.9,5,2.95,5.45,1.85,3.25,5.15,2.15,5.3,1.7,4.25,6,1.35
Araneidae,Triconephila plumipes,-33.5,151.25,KS23353,26.35,7,5,19.35,10.95,16.25,2.5,11.25,17.1,3.3,13.5,2.75,9.75,15,3.05,6.75,2,4.5,6.5,1.85,12,2.3,8.25,9.5,1.8
Araneidae,Triconephila plumipes,-33.75,151,KS33801,19.25,5.5,5.5,13.75,10.25,11.25,2.3,9.95,14.85,2.25,10.4,1.75,8,12.25,2.55,5.15,1.2,3.45,4.5,1.35,9.8,1.75,4.5,9.85,1.85
Araneidae,Triconephila plumipes,-33.5,151.25,KS33637,21.05,7.1,5.5,13.95,7.35,12.6,2.25,10.5,13.7,2.5,10.5,2.25,8.3,11.35,2.25,4.95,1.7,3.2,6,2,9.5,2.3,7,7.25,1.7
Araneidae,Triconephila plumipes,-31.5,159,KS33665,8.95,3.75,3,5.2,2.7,5.75,1.25,5.2,7,1.95,5.25,1.1,4.1,5.65,0.8,3.1,0.5,1.35,2.25,1,5.15,0.75,3.25,4.55,1.35
Araneidae,Triconephila plumipes,-34,151,KS33643,15,5.5,4,9.5,5.45,10.4,1.75,9.75,10.75,2.25,9.25,1.5,6.75,10.85,2.5,4,1,2,5.15,1.95,8.25,2,6.1,5.85,1.05
Araneidae,Triconephila plumipes,-32.25,152.25,KS118546,23.5,8,4.6,15.5,9.5,13.05,2,10.95,16.5,3.5,12.05,1.75,7.75,10.7,1.75,5.95,2.1,3.15,5.2,1.6,12,2.25,7.1,10.75,2.2
Araneidae,Triconephila plumipes,-27.25,153,KS120578,19,6.5,5.15,12.5,5.3,13.85,2.5,11.45,15.5,3.25,10.5,2.35,9.7,12.3,2.55,6,1.25,3,6.35,1.75,10.4,1.85,5.55,11.05,2.35
Araneidae,Triconephila plumipes,-14.5,145.25,KS33617,26.5,8,7.95,18.5,10.05,18.7,2,13.35,NA,NA,15,2.15,11,14,1.5,5.45,2.25,4.25,8.55,2.3,11.75,3.5,9.25,14.75,1.8
Araneidae,Triconephila plumipes,-33.75,151,KS8845,17,6.25,4.5,10.75,6.85,11.2,2.5,9.45,12.3,2.85,9.25,2.5,7.4,11,2.5,4.8,1.5,3.15,5.15,1.85,8,2,6.05,6.5,1.55
Araneidae,Triconephila plumipes,-31.25,152.5,KS33627,21.35,6.75,6,14.6,7.5,13.55,2.1,12.15,18.35,3.5,12.75,2,8.5,10.2,1.25,6.75,1.75,4,6,1.5,11.05,2.1,6.5,12.05,2.5
Araneidae,Triconephila plumipes,-28.25,153.25,KS33625,22.05,8.8,6,13.25,7.2,13,2.05,11.35,16.25,3.15,9.95,1.25,6.5,14.05,2.8,6.55,1.75,3.8,6.2,1.85,12,2,7.5,11.5,2.2
Araneidae,Triconephila plumipes,-23.25,151.75,KS7835,20.2,5.5,4.65,14.7,6.75,14.75,2.1,12.6,10,NA,13,1.75,9.5,11.1,2.15,6,1.5,3.5,6.5,2.05,10.4,2.3,6.85,11.5,2.3
Araneidae,Triconephila plumipes,-36,149,KS33632,18.75,6.05,5.05,12.7,6.7,10.5,2.05,9,12.55,2.85,9.25,1.8,6.85,9.75,2.65,5.15,1.2,2.75,4.25,1.7,9.75,1.8,5.75,7.25,2.05
Araneidae,Triconephila plumipes,-31.5,159,KS33702,14,5.75,4,8.25,7.15,7.05,2,8.05,10.6,2.55,7.3,2.25,6.2,9.1,1.85,3.2,0.95,1.85,4.45,1.75,8.05,1.75,5.35,6.75,1.75
Araneidae,Triconephila plumipes,-33.5,151.25,KS33699,17.05,6,5.25,11.05,6.3,10.7,2.65,10.65,15.3,3.1,11.75,2.1,9.5,12.95,2.5,6.95,1.55,2.75,5.05,1.75,11.5,2.5,7.25,10.75,1.95
Zodariidae,Habronestes grahami,-32,152.5,KS59921,3.75,1.775,1.15,1.975,1.025,1.075,0.375,0.75,0.8,0.725,0.85,0.35,0.5,0.65,0.475,0.675,0.3,0.5,0.8,0.6,1.225,0.5,0.875,1.05,0.675
Zodariidae,Habronestes grahami,-32.5,152,KS59886,4.45,2.025,1.25,2.425,1.8,1.15,0.375,0.675,0.75,0.575,1.025,0.5,0.725,0.65,0.375,0.95,0.5,0.7,0.725,0.6,1,0.6,1,1.05,0.55
Zodariidae,Habronestes grahami,-35.75,146,KS84989,4.475,2.125,1.275,2.35,1.7,1.125,0.5,1.025,0.925,0.75,1,0.5,0.825,0.75,0.5,0.875,0.425,0.625,0.775,0.5,1.25,0.5,1.025,1.5,0.8
Zodariidae,Habronestes grahami,-29.25,152.75,KS88433,4.125,2.125,0.825,2,1.45,1.275,0.475,1.05,0.875,0.8,1,0.5,0.875,0.9,0.75,1.075,0.375,0.5,0.9,0.525,1.375,0.5,1.125,1.5,0.85
Zodariidae,Habronestes grahami,-32.25,152.5,KS59938,4.1,1.8,1.125,2.3,1.7,0.975,0.375,0.775,0.675,0.65,0.825,0.375,0.675,0.425,0.425,0.925,0.35,0.625,0.75,0.5,1.25,0.375,0.75,1.25,0.7
Zodariidae,Habronestes grahami,-28.5,152.75,KS36059,5.4,2.6,1.75,2.8,1.9,1.625,0.6,1.375,1.375,1.125,1.375,0.5,1.1,1.25,0.925,1.25,0.6,0.975,1.375,0.875,1.75,0.75,1.5,2.05,1.125
Zodariidae,Habronestes grahami,-29.75,149.25,KS73930,5.225,2.6,1.65,2.625,2.1,1.575,0.625,1.375,1.25,1.05,1.375,0.625,1.125,1.25,0.825,1.15,0.625,0.875,1,0.625,1.75,0.625,1.3,1.975,1
Zodariidae,Habronestes grahami,-33.25,151.5,KS59956,3.925,2.175,1.5,1.75,1.275,1.375,0.55,1.125,0.875,0.775,1.35,0.5,0.875,0.75,0.8,0.875,0.425,0.575,1,0.625,1.55,0.525,1.175,1.675,0.975
Zodariidae,Habronestes grahami,-30,147.75,KS73935,5.225,2.575,1.65,2.65,1.875,1.75,0.725,1.35,0.875,0.5,1.3,0.65,1,0.75,0.675,1.275,0.55,0.825,1.125,0.825,1.775,0.675,1.25,1.875,1.025
Zodariidae,Habronestes grahami,-29.25,147,KS73937,4.625,2.6,1.725,2.025,1.925,1.625,0.375,0.875,1.275,1.025,1.5,0.375,0.8,0.95,0.775,1.475,0.5,0.925,1.35,0.85,1.95,0.675,1.375,2,1.05
Zodariidae,Habronestes grahami,-34,148.5,KS114809,4.125,2.025,1.3,2.1,1.4,1.3,0.45,1.075,0.875,0.65,0.875,0.425,0.825,0.775,0.625,1,0.475,0.675,1,0.6,1.125,0.625,1.125,1.475,0.625
Zodariidae,Habronestes grahami,-34,148.5,KS114810,4.925,2.425,1.575,2.5,1.75,1.25,0.5,1.25,1.15,0.975,1.15,0.625,0.925,0.925,NA,1.075,0.55,0.825,1,0.75,1.5,0.625,1.25,1.875,0.925
Zodariidae,Habronestes grahami,-31.75,148,KS73931,4.65,2.25,1.425,2.4,1.75,1.275,0.575,1.075,1.125,0.875,1.3,0.475,0.95,1,0.65,1.075,0.6,0.625,0.6,0.55,1.4,0.5,1.225,1.625,0.8
Zodariidae,Habronestes grahami,-30.75,152,KS124715,3.375,1.75,1.125,1.5,1.125,1.15,0.375,0.875,0.75,0.625,0.875,0.25,0.5,0.65,0.5,0.7,0.475,0.625,0.6,0.45,0.8,0.375,0.65,1.225,0.65
Zodariidae,Habronestes grahami,-30.75,152,KS124514,5.275,2.325,1.5,2.95,2.125,1.5,0.5,0.875,1,0.8,1.225,0.6,0.975,0.9,0.8,1.25,0.6,0.8,1.125,0.75,1.5,0.625,1.3,1.875,0.625
Corinnidae,Nyssus albopunctatus,-17.5,146,S43406,5.75,2.75,1.9,3,2.25,1.5,0.6,1,0.75,0.7,1.7,0.55,1.25,1.2,0.8,1.5,0.5,1,1.45,0.75,1.95,0.75,1.5,2.3,0.95
Corinnidae,Nyssus albopunctatus,-34,148.5,KS114563,7.45,3.2,2.8,4.25,3.15,2,1.15,1.75,1.75,1.2,NA,NA,NA,NA,NA,1.55,0.75,1.25,1.85,1.15,3.5,1.75,2.25,2.5,1.2
Corinnidae,Nyssus albopunctatus,-37,149,KS18047,7.175,3.125,2.5,4.05,2.575,2.225,0.875,1.65,1.475,1,2,0.75,1.325,1.5,0.875,1.775,0.875,1.125,1.775,1,2.875,1.125,2.025,2.85,1.3
Corinnidae,Nyssus albopunctatus,-29.25,153,KS88248,9.675,4.35,2.975,5.325,3.625,2.625,1.25,2.125,1.95,1.35,2.575,1.35,2,1.5,1.05,2.125,1.275,1.75,1.75,1.375,3,1.4,2.675,3.35,1.6
Corinnidae,Nyssus albopunctatus,-33.25,151.25,KS61753,6.375,3.625,2.6,2.75,2.55,2.25,1,1.8,1.7,0.75,2.25,0.975,1.65,0.875,0.75,2.125,1.025,1.375,1.75,1.075,2.725,1.275,1.9,2.875,1.175
Corinnidae,Nyssus albopunctatus,-34.25,150.75,KS63028,8.2,3.975,2.625,4.225,3.225,2.375,1.125,1.625,1.4,1.125,2.175,1.025,1.3,1.25,1,2.15,0.9,1.325,1.75,1.175,2.85,1.2,2.125,3.025,1.15
Corinnidae,Nyssus albopunctatus,-35.5,150,KS64455,9.225,4.125,2.6,5.1,3.475,2.45,0.95,1.375,1.75,1.1,2.35,0.75,1.125,1.85,1.05,2.525,1,1.5,1.85,0.875,2.75,1.25,2.25,3.125,1.5
Corinnidae,Nyssus albopunctatus,-35.5,149.5,KS64453,8.55,3.5,2.625,5.05,4,2.25,0.7,1.375,1.625,0.725,1.875,0.825,1.4,1.475,0.775,2.125,0.75,1.375,1.275,1.025,2.675,1.15,2.125,2.625,1.15
Corinnidae,Nyssus albopunctatus,-35,150.75,KS63466,7.875,4,2.75,3.875,2.65,2.425,0.75,1.875,1.875,1.025,2.375,0.875,1.9,1.625,1,2.125,0.95,1.65,2,1.175,2.7,0.825,2.25,3.4,1.375
Corinnidae,Nyssus albopunctatus,-33.5,151,KS69042,7.875,3.5,2.875,4.375,3.075,2.5,1.125,1.9,1.775,1.025,2.375,1.125,1.375,1.65,1.1,1.75,1.125,1.375,1.875,1.025,NA,NA,NA,NA,NA
Corinnidae,Nyssus albopunctatus,-32.75,146,KS115157,6.75,2.875,2.575,3.875,2.4,1.875,1,1.4,1.375,0.9,1.25,1.15,1.25,1.25,0.75,2.1,0.825,1.3,1.65,1,2.525,1.125,2.075,2.625,1.25
Corinnidae,Nyssus albopunctatus,-37,149,KS69691,7.825,4,0.275,3.825,2.8,2,1.25,1.65,1.625,0.85,1.625,1.25,1.375,1.3,0.875,1.85,1.175,1.25,1.875,0.875,2.4,1.35,2.175,3.875,1.375
Corinnidae,Nyssus albopunctatus,-37,149,KS115509,8.25,3.5,2.925,4.75,3.65,1.625,1.25,1.75,1.625,1.075,1.5,1.125,1.5,1.125,0.75,1.875,1.1,1.125,1,0.6,2.725,1.25,2.025,2.25,1.125
Corinnidae,Nyssus albopunctatus,-32,152.5,KS58375,8.425,3.975,2.65,4.45,3.125,1.95,1,1.875,1.75,1.125,2.15,1.125,1.5,1.05,1.5,2.4,1.025,1.5,1.25,1.125,2.975,1,1.625,2.675,1.275
Corinnidae,Nyssus albopunctatus,-34.5,146,KS67788,8.125,3.25,2.75,4.875,3.125,2.25,1.125,1.725,1.875,1.1,2.4,1.175,1.125,1.4,1.15,2.05,0.875,1.25,1,0.5,3.025,1.25,2.175,2.125,1
Corinnidae,Nyssus albopunctatus,-33.5,149.5,KS29951,6.45,3.2,2.375,3.25,1.8,2.125,1,1.625,1.65,1,1.875,0.925,1.375,1.25,1.05,1.475,0.75,1.15,0.975,0.625,2.5,1,2,2.625,1.25
Corinnidae,Nyssus albopunctatus,-21,148.5,KS7348,8.375,3.875,2.75,4.5,3.075,1.75,1.125,1.875,1.8,1,1.875,1,1.375,1.375,1,2.25,0.875,1.25,1.9,0.875,2.675,1.125,2,3.35,1.375
Corinnidae,Nyssus albopunctatus,-37,149,KS12003,NA,3.5,2.75,NA,NA,2.375,1.125,1.625,1.75,1,2.25,1.125,1,1.225,0.925,2.125,1,1.25,1.525,1.125,2.875,1.15,2.15,2.625,1.225
Corinnidae,Nyssus albopunctatus,-31.75,152.5,KS18805,6.2,3,2.225,3.2,1.9,2.4,1,2.25,2,1.25,2.275,1,2.025,1.725,1.15,1.625,0.925,1.75,2.2,1.05,2.625,0.75,2.15,3.4,1.3
Corinnidae,Nyssus albopunctatus,-32.25,151.5,KS8821,7.875,4,2.875,3.875,2.875,2.3,1.125,1.9,1.875,0.875,2.25,1.125,1.55,1.875,0.875,2.125,1.25,1.4,1.95,1.125,2.05,1.5,2.35,3.1,1.15
Theridiidae,Latrodectus hasseltii,-33.75,151.25,KS83503,9.7,3.95,3.5,5.75,5.25,5.65,1.45,5.05,5.9,1.95,4.3,1,2.5,3.95,1.45,3.15,1.05,1.75,2.9,1.15,5.75,1.25,3.25,5.5,1.8
Theridiidae,Latrodectus hasseltii,-25.25,138.5,KS83502,10.3,3.5,2.75,6.8,6.3,5.25,1.5,3.75,4.65,1.5,3.5,1.75,2.5,3.1,1.1,2.5,0.9,1.5,2.4,1.05,4.5,1.25,3,4.75,1.45
Theridiidae,Latrodectus hasseltii,-31.5,159,KS83509,7.75,2.5,2.1,5.25,5.15,4.05,1.25,3.25,4.25,1.55,3.1,0.7,1.6,NA,NA,1.5,0.6,0.85,1.55,0.85,2,1.25,2.5,3,0.95
Theridiidae,Latrodectus hasseltii,-31.75,149.25,KS83519,8.05,2.75,2,5.05,4.25,4.9,1.2,3.95,4.25,1.55,3.6,0.6,2.1,1.4,0.55,2.15,0.9,1.45,2.4,1,4.35,1.25,2.75,4.35,1.55
Theridiidae,Latrodectus hasseltii,-32,141.25,KS83514,9.3,2,1.6,7.3,7.25,5.25,1.5,4.05,5,1.45,3.25,1,2.25,3.15,1,2.5,0.75,1.25,2.1,0.9,5.05,1.25,3,5,1.55
Theridiidae,Latrodectus hasseltii,-22.5,144,KS83518,10.25,3.2,3.6,7.05,6.6,5.75,1.25,5.25,6.3,1.85,4.6,1.05,2.8,4.25,1.5,3.75,0.7,1.7,3.2,1.2,5.75,1.6,4.1,5.15,1.45
Theridiidae,Latrodectus hasseltii,-37.75,144.75,KS789,6.55,2.5,2,4.05,2.75,4.55,1.1,3.8,4.5,1.75,2.7,0.95,2.1,1.55,0.85,1.85,0.9,1.15,1.25,0.55,3.9,1.2,3,3.2,1.05
Theridiidae,Latrodectus hasseltii,-28.75,153.25,KS3336,9.25,3.25,2.5,6,4.8,5.5,1.5,4.7,4.5,1.45,4.45,1.25,2.5,2.3,0.8,2.7,1.15,1.8,1.35,0.6,5.25,1.5,3.75,4.95,1.6
Theridiidae,Latrodectus hasseltii,-33.75,150.75,KS31669,10.05,3.55,2.75,6.55,5.45,5.95,1.75,3.35,5.5,1.9,4.2,1.5,2.05,1.75,0.75,2.95,1.25,1.7,2.1,1,4.5,1.3,3.7,4.65,1.4
Theridiidae,Latrodectus hasseltii,-23.5,148,KS10837,7.4,2.75,2.25,4.65,4,5.4,1.5,4.25,5.3,1.75,4,0.8,2.5,3.05,1.05,3,1,1.3,2.25,1,5.05,1,3.2,4.75,1.6
Theridiidae,Latrodectus hasseltii,-34,142,KS32470,11.5,4,3.5,7.5,6.75,5.8,1.4,4.75,3.5,1.05,3.35,1.5,2.9,2.5,1.25,2.8,1.45,1.8,3.05,1.05,5.3,1.5,4.45,6,1.75
Theridiidae,Latrodectus hasseltii,-35,150.5,KS22637,9.6,3.45,3,6.15,5.55,5.7,1.65,4.5,4.75,1.1,2.8,1.25,2.45,3.8,1.35,1.8,1,1.85,2.35,0.8,4.7,1.05,3,3.5,0.95
Theridiidae,Latrodectus hasseltii,-15.5,145,KS68491,8.75,2.75,3,6,4.75,4.25,1.5,4.8,6,1.8,3.65,1.35,2.5,3.3,0.85,2.3,1,1.6,2.85,1.1,4.55,1,2.6,3.75,0.85
Theridiidae,Latrodectus hasseltii,-18,138.5,KS68497,5.95,2.5,2.05,3.45,3,5.25,1,4,3.7,0.75,3.75,0.85,1.85,2,0.85,1.75,1,1.4,1.5,0.65,4.75,1.15,3,3.2,0.95
Theridiidae,Latrodectus hasseltii,-33,148.5,KS51532,11.25,3.5,3.8,7.75,6,5.75,1.25,4.9,5.25,1.85,4.05,1.3,2.7,3.2,0.9,3.55,1.45,1.75,2.75,1,5.25,1.85,4.1,5.55,1.5
Theridiidae,Latrodectus hasseltii,-32,149.75,KS68496,10,4.25,2.25,5.75,5.15,5.3,1.5,5.05,6.2,1.9,4.15,1.25,2.8,4.1,1.25,3.35,1.15,1.95,3.1,1.2,5.2,1.5,4.1,5.5,1.7
Theridiidae,Latrodectus hasseltii,-31.25,145.25,KS53932,9.15,3.05,3,6.1,5.3,4.85,1.45,4.05,4.65,1.45,2.85,1.25,2.1,3.25,1.25,2.05,1.15,1.5,2.35,1,4.5,1.45,3.15,3.45,0.95
Theridiidae,Latrodectus hasseltii,-31.75,152.25,KS50392,8.75,3.6,2.5,5.15,4.5,5.55,1.6,4.75,4.75,0.95,3.6,1,2.75,4.2,1.35,2.6,1.5,1.85,2.45,0.85,5.6,1.7,3.9,5.45,1.65
Theridiidae,Latrodectus hasseltii,-30.75,143.5,KS53931,10.3,3.5,3.05,6.8,5.65,5,1.6,3.1,4.85,1.75,3.55,1.05,2.3,3.25,0.75,2.3,1.15,1.15,2.25,1.3,4.95,1.5,3.45,4.1,1.2
Theridiidae,Latrodectus hasseltii,-10.5,142,KS68494,8.2,3.5,3.3,4.7,3.6,6.5,1.3,5.1,6.35,2.2,2.45,1.1,2.7,4.1,1.5,3.25,1.25,1.85,2.6,1.2,5.55,1.45,3.8,5.75,1.55
